"BirdLife common name","BirdLife Scientific name","eBird Common Name","eBird Scientific Name"
"Helmeted Guineafowl","Numida meleagris","Helmeted Guineafowl","Numida meleagris"
"Northern Bobwhite","Colinus virginianus","Northern Bobwhite","Colinus virginianus"
"Western Capercaillie","Tetrao urogallus","Eurasian Capercaillie","Tetrao urogallus"
"Red-legged Partridge","Alectoris rufa","Red-legged Partridge","Alectoris rufa"
"Black Francolin","Francolinus francolinus","Black Francolin","Francolinus francolinus"
"Grey Partridge","Perdix perdix","Grey Partridge","Perdix perdix"
"Common Quail","Coturnix coturnix","Common Quail","Coturnix coturnix"
"Himalayan Monal","Lophophorus impejanus","Himalayan Monal","Lophophorus impejanus"
"Common Pheasant","Phasianus colchicus","Common Pheasant","Phasianus colchicus"
"Muscovy Duck","Cairina moschata","Muscovy Duck","Cairina moschata"
"Fulvous Whistling-duck","Dendrocygna bicolor","Fulvous Whistling-Duck","Dendrocygna bicolor"
"Pink-footed Goose","Anser brachyrhynchus","Pink-footed Goose","Anser brachyrhynchus"
"Bean Goose","Anser fabalis","Tundra Bean-Goose","Anser fabalis"
"Greater White-fronted Goose","Anser albifrons","Greater White-fronted Goose","Anser albifrons"
"Greylag Goose","Anser anser","Graylag Goose","Anser anser"
"Bar-headed Goose","Anser indicus","Bar-headed Goose","Anser indicus"
"Snow Goose","Chen caerulescens","Snow Goose","Chen caerulescens"
"Canada Goose","Branta canadensis","Canada Goose","Branta canadensis"
"Barnacle Goose","Branta leucopsis","Barnacle Goose","Branta leucopsis"
"Brent Goose (B. b. hrota)","Branta bernicla hrota","Brent Goose (Pale-bellied)","Branta bernicla hrota"
"Brent Goose (B. b. bernicla)","Branta bernicla bernicla","Brent Goose (Dark-bellied)","Branta bernicla bernicla"
"Brent Goose","Branta bernicla","Brent Goose","Branta bernicla"
"Mute Swan","Cygnus olor","Mute Swan","Cygnus olor"
"Whooper Swan","Cygnus cygnus","Whooper Swan","Cygnus cygnus"
"Black Swan","Cygnus atratus","Black Swan","Cygnus atratus"
"Egyptian goose","Alopochen aegyptiacus","Egyptian Goose","Alopochen aegyptiaca"
"Ruddy Shelduck","Tadorna ferruginea","Ruddy Shelduck","Tadorna ferruginea"
"Common Shelduck","Tadorna tadorna","Common Shelduck","Tadorna tadorna"
"Wood Duck","Aix sponsa","Wood Duck","Aix sponsa"
"Mandarin Duck","Aix galericulata","Gadwall","Anas strepera"
"Gadwall","Anas strepera","Gadwall","Anas strepera"
"Eurasian Wigeon","Anas penelope","Eurasian Wigeon","Anas penelope"
"American Wigeon","Anas americana","American Wigeon","Anas americana"
"Unidentified wigeon","Anas penelope / americana?","Eurasian/American Wigeon","Anas penelope/americana"
"American Black Duck","Anas rubripes","American Black Duck","Anas rubripes"
"Mallard","Anas platyrhynchos","Mallard","Anas platyrhynchos"
"Blue-winged Teal","Anas discors","Blue-winged Teal","Anas discors"
"Cinnamon Teal","Anas cyanoptera","Cinnamon Teal","Anas cyanoptera"
"Northern Shoveler","Anas clypeata","Northern Shoveler","Anas clypeata"
"Northern Pintail","Anas acuta","Northern Pintail","Anas acuta"
"Yellow-billed Pintail/Speckled Teal","Anas georgica","Yellow-billed Pintail","Anas georgica"
"Garganey","Anas querquedula","Garganey","Anas querquedula"
"Common Teal","Anas crecca","Green-winged Teal","Anas crecca"
"Green-winged Teal","Anas carolinensis","Green-winged Teal (American)","Anas carolinensis"
"Unidentified teal","Anas crecca / carolinensis","duck sp.","Anatidae sp."
"Marbled Teal","Marmaronetta angustirostris","Marbled Teal","Marmaronetta angustirostris"
"Red-crested Pochard","Netta rufina","Red-crested Pochard","Netta rufina"
"Common Pochard","Aythya ferina","Common Pochard","Aythya ferina"
"Ring-necked Duck","Aythya collaris","Ring-necked Duck","Aythya collaris"
"Ferruginous Duck","Aythya nyroca","Ferruginous Duck","Aythya nyroca"
"Tufted Duck","Aythya fuligula","Tufted Duck","Aythya fuligula"
"Greater Scaup","Aythya marila","Greater Scaup","Aythya marila"
"Lesser Scaup","Aythya affinis","Lesser Scaup","Aythya affinis"
"Common Eider","Somateria mollissima","Common Eider","Somateria mollissima"
"King Eider","Somateria spectabilis","King Eider","Somateria spectabilis"
"Black Scoter","Melanitta nigra","Common Scoter","Melanitta nigra"
"Surf Scoter","Melanitta perspicillata","Surf Scoter","Melanitta perspicillata"
"White-winged Scoter","Melanitta fusca","Velvet Scoter","Melanitta fusca"
"Long-tailed Duck","Clangula hyemalis","Long-tailed Duck","Clangula hyemalis"
"Common Goldeneye","Bucephala clangula","Common Goldeneye","Bucephala clangula"
"Bufflehead","Bucephala albeola","Bufflehead","Bucephala albeola"
"Hooded Merganser","Lophodytes cucullatus","Hooded Merganser","Lophodytes cucullatus"
"Red-breasted Merganser","Mergus serrator","Red-breasted Merganser","Mergus serrator"
"Common Merganser","Mergus merganser","Goosander","Mergus merganser"
"Ruddy Duck","Oxyura jamaicensis","Ruddy Duck","Oxyura jamaicensis"
"White-headed Duck","Oxyura leucocephala","White-headed Duck","Oxyura leucocephala"
"Red-throated Loon","Gavia stellata","Red-throated Diver","Gavia stellata"
"Arctic Loon","Gavia arctica","Black-throated Diver","Gavia arctica"
"Common Loon","Gavia immer","Great Northern Diver","Gavia immer"
"Loon / Diver (unidentified)","Gavia sp.","diver sp.","Gavia sp."
"Black-browed Albatross","Thalassarche melanophrys","Black-browed Albatross","Thalassarche melanophrys"
"Northern Fulmar","Fulmarus glacialis","Northern Fulmar","Fulmarus glacialis"
"Trindade Petrel","Pterodroma arminjoniana","Herald Petrel (Trindade)","Pterodroma arminjoniana arminjoniana"
"Fea's Petrel","Pterodroma feae","Fea's Petrel","Pterodroma feae"
"Zino's Petrel","Pterodroma madeira","Zino's Petrel","Pterodroma madeira"
"Fea's /  Zino's Petrel (unidentified)","Pterodroma feae / madeira","Zino's/Fea's Petrel","Pterodroma madeira/feae"
"Bermuda Petrel","Pterodroma cahow","Bermuda Petrel","Pterodroma cahow"
"Black-capped Petrel","Pterodroma hasitata","Black-capped Petrel","Pterodroma hasitata"
"Cory's Shearwater","Calonectris diomedea","Cory's Shearwater","Calonectris diomedea"
"Great Shearwater","Puffinus gravis","Great Shearwater","Puffinus gravis"
"Sooty Shearwater","Puffinus griseus","Sooty Shearwater","Puffinus griseus"
"Manx Shearwater (P. p. puffinus)","Puffinus puffinus puffinus","Manx Shearwater","Puffinus puffinus"
"Manx Shearwater","Puffinus puffinus","Manx Shearwater","Puffinus puffinus"
"Yelkouan Shearwater","Puffinus yelkouan","Levantine Shearwater","Puffinus yelkouan"
"Balearic Shearwater","Puffinus mauretanicus","Balearic Shearwater","Puffinus mauretanicus"
"Shearwater (unidentified)","Puffinus sp.","black-and-white shearwater sp.","Puffinus sp."
"Mascarene Shearwater","Puffinus baroli","Barolo Shearwater","Puffinus baroli"
"Little Shearwater","Puffinus assimilis","Little Shearwater","Puffinus assimilis"
"Bulwer's Petrel","Bulweria bulwerii","Bulwer's Petrel","Bulweria bulwerii"
"Wilson's Storm-petrel","Oceanites oceanicus","Wilson's Storm-Petrel","Oceanites oceanicus"
"White-faced Storm-petrel","Pelagodroma marina","White-faced Storm-Petrel","Pelagodroma marina"
"European Storm-petrel","Hydrobates pelagicus","European Storm-Petrel","Hydrobates pelagicus"
"Band-rumped Storm-petrel","Oceanodroma castro","Band-rumped Storm-Petrel","Oceanodroma castro"
"Swinhoe's Storm-petrel","Oceanodroma monorhis","Swinhoe's Storm-Petrel","Oceanodroma monorhis"
"Leach's Storm-petrel","Oceanodroma leucorhoa","Leach's Storm-Petrel","Oceanodroma leucorhoa"
"Storm-petrel (unidentified)","Oceanodroma castro / Hydrobates pelagicus","storm-petrel sp.","Hydrobatidae sp."
,,"Monteiro's Storm-Petrel","Oceanodroma monteiroi"
"Little Grebe","Tachybaptus ruficollis","Little Grebe","Tachybaptus ruficollis"
"Pied-billed Grebe","Podilymbus podiceps","Pied-billed Grebe","Podilymbus podiceps"
"Great Crested Grebe","Podiceps cristatus","Great Crested Grebe","Podiceps cristatus"
"Horned Grebe","Podiceps auritus","Horned Grebe","Podiceps auritus"
"Black-necked Grebe","Podiceps nigricollis","Eared Grebe","Podiceps nigricollis"
"Greater Flamingo","Phoenicopterus roseus","Greater Flamingo","Phoenicopterus roseus"
"Yellow-billed Stork","Mycteria ibis","Yellow-billed Stork","Mycteria ibis"
"Black Stork","Ciconia nigra","Black Stork","Ciconia nigra"
"White Stork","Ciconia ciconia","White Stork","Ciconia ciconia"
"Marabou Stork","Leptoptilos crumeniferus","Marabou Stork","Leptoptilos crumenifer"
"LC African Sacred Ibis","Threskiornis aethiopicus","Sacred Ibis","Threskiornis aethiopicus"
"Northern Bald Ibis","Geronticus eremita","Waldrapp","Geronticus eremita"
"Glossy Ibis","Plegadis falcinellus","Glossy Ibis","Plegadis falcinellus"
"Eurasian Spoonbill","Platalea leucorodia","Eurasian Spoonbill","Platalea leucorodia"
"American Bittern","Botaurus lentiginosus","American Bittern","Botaurus lentiginosus"
"Great Bittern","Botaurus stellaris","Great Bittern","Botaurus stellaris"
"Little Bittern","Ixobrychus minutus","Little Bittern","Ixobrychus minutus"
"Least Bittern","Ixobrychus exilis","Least Bittern","Ixobrychus exilis"
"Yellow-crowned Night-heron","Nyctanassa violacea","Yellow-crowned Night-Heron","Nyctanassa violacea"
"Black-crowned Night-heron","Nycticorax nycticorax","Black-crowned Night-Heron","Nycticorax nycticorax"
"Green Heron","Butorides virescens","Green Heron","Butorides virescens"
"Squacco Heron","Ardeola ralloides","Squacco Heron","Ardeola ralloides"
"Cattle Egret","Bubulcus ibis","Cattle Egret","Bubulcus ibis"
"Grey Heron","Ardea cinerea","Gray Heron","Ardea cinerea"
"Great Blue Heron","Ardea herodias","Great Blue Heron","Ardea herodias"
"Purple Heron","Ardea purpurea","Purple Heron","Ardea purpurea"
"European Great Egret","Casmerodius albus albus","Great Egret (Eurasian)","Ardea alba"
"American Great Egret","Casmerodius alba egretta","Great Egret (American)","Ardea alba egretta"
"Tricoloured Heron","Egretta tricolor","Tricolored Heron","Egretta tricolor"
"Little Blue Heron","Egretta caerulea","Little Blue Heron","Egretta caerulea"
"Little Egret","Egretta garzetta","Little Egret","Egretta garzetta"
"Western Reef-egret","Egretta gularis","Western Reef-Heron","Egretta gularis"
"Snowy Egret","Egretta thula","Snowy Egret","Egretta thula"
"Red-billed Tropicbird","Phaethon aethereus","Red-billed Tropicbird","Phaethon aethereus"
"White-tailed Tropicbird","Phaethon lepturus","White-tailed Tropicbird","Phaethon lepturus"
"Magnificent Frigatebird","Fregata magnificens","Magnificent Frigatebird","Fregata magnificens"
"Great White Pelican","Pelecanus onocrotalus","Great White Pelican","Pelecanus onocrotalus"
"Northern Gannet","Morus bassanus","Northern Gannet","Morus bassanus"
"Brown Booby","Sula leucogaster","Brown Booby","Sula leucogaster"
"Double-crested Cormorant","Phalacrocorax auritus","Double-crested Cormorant","Phalacrocorax auritus"
"Great Cormorant","Phalacrocorax carbo","Great Cormorant","Phalacrocorax carbo"
"European Shag","Phalacrocorax aristotelis","European Shag","Phalacrocorax aristotelis"
"Lesser Kestrel","Falco naumanni","Lesser Kestrel","Falco naumanni"
"Common Kestrel","Falco tinnunculus","Eurasian Kestrel","Falco tinnunculus"
"American Kestrel","Falco sparverius","American Kestrel","Falco sparverius"
"Red-footed Falcon","Falco vespertinus","Red-footed Falcon","Falco vespertinus"
"Eleonora's Falcon","Falco eleonorae","Eleonora's Falcon","Falco eleonorae"
"Merlin","Falco columbarius","Merlin","Falco columbarius"
"Eurasian Hobby","Falco subbuteo","Eurasian Hobby","Falco subbuteo"
"Peregrine Falcon","Falco peregrinus","Peregrine Falcon","Falco peregrinus"
"Barbary Falcon","Falco pelegrinoides","Barbary Falcon","Falco pelegrinoides"
"Osprey","Pandion haliaetus","Osprey","Pandion haliaetus"
"European Honey-buzzard","Pernis apivorus","European Honey-buzzard","Pernis apivorus"
"Black-winged Kite","Elanus caeruleus","Black-shouldered Kite","Elanus caeruleus"
"Red Kite","Milvus milvus","Red Kite","Milvus milvus"
"Black Kite","Milvus migrans","Black Kite","Milvus migrans"
"White-tailed Eagle","Haliaeetus albicilla","White-tailed Eagle","Haliaeetus albicilla"
"Lammergeier","Gypaetus barbatus","Lammergeier","Gypaetus barbatus"
"Egyptian Vulture","Neophron percnopterus","Egyptian Vulture","Neophron percnopterus"
"Rueppell's Griffon","Gyps rueppellii","Rueppell's Griffon","Gyps rueppellii"
"Eurasian Griffon","Gyps fulvus","Eurasian Griffon","Gyps fulvus"
"Cinereous Vulture","Aegypius monachus","Black Vulture","Aegypius monachus"
"Short-toed Snake-eagle","Circaetus gallicus","Short-toed Eagle","Circaetus gallicus"
"Western Marsh-harrier","Circus aeruginosus","Eurasian Marsh-Harrier","Circus aeruginosus"
"Northern Harrier","Circus cyaneus","Northern Harrier","Circus cyaneus"
"Montagu's Harrier","Circus pygargus","Montagu's Harrier","Circus pygargus"
"Pallid Harrier","Circus macrourus","Pallid Harrier","Circus macrourus"
"Eurasian Sparrowhawk","Accipiter nisus","Eurasian Sparrowhawk","Accipiter nisus"
"Northern Goshawk","Accipiter gentilis","Northern Goshawk","Accipiter gentilis"
"Common Buzzard","Buteo buteo","Common Buzzard","Buteo buteo"
"Common Buzzard (B. b. rothschildi)","Buteo buteo rothschildi","Common Buzzard (Azorean)","Buteo buteo rothschildi"
"Long-legged Buzzard","Buteo rufinus","Long-legged Buzzard","Buteo rufinus"
"Rough-legged Hawk","Buteo lagopus","Rough-legged Hawk","Buteo lagopus"
"Greater Spotted Eagle","Aquila clanga","Greater Spotted Eagle","Clanga clanga"
"Lesser Spotted Eagle","Aquila pomarina","Lesser Spotted Eagle","Clanga pomarina"
"Spanish Imperial Eagle","Aquila adalberti","Spanish Eagle","Aquila adalberti"
"Golden Eagle","Aquila chrysaetos","Golden Eagle","Aquila chrysaetos"
"Bonelli's Eagle","Hieraaetus fasciatus","Bonelli's Eagle","Aquila fasciata"
"Booted Eagle","Hieraaetus pennatus","Booted Eagle","Hieraaetus pennatus"
"Great Bustard","Otis tarda","Great Bustard","Otis tarda"
"Little Bustard","Tetrax tetrax","Little Bustard","Tetrax tetrax"
"Water Rail","Rallus aquaticus","Water Rail","Rallus aquaticus"
"Corncrake","Crex crex","Corn Crake","Crex crex"
"Black Crake","Amaurornis flavirostra","Black Crake","Amaurornis flavirostra"
"Little Crake","Porzana parva","Little Crake","Porzana parva"
"Baillon's Crake","Porzana pusilla","Baillon's Crake","Porzana pusilla"
"Spotted Crake","Porzana porzana","Spotted Crake","Porzana porzana"
"Sora","Porzana carolina","Sora","Porzana carolina"
"Purple Swamphen","Porphyrio porphyrio","Purple Swamphen","Porphyrio porphyrio"
"Allen's Gallinule","Porphyrio alleni","Allen's Gallinule","Porphyrio alleni"
"Yellow-legged/Purple Gallinule","Porphyrio martinica","Purple Gallinule","Porphyrio martinicus"
"Common Moorhen","Gallinula chloropus","Eurasian Moorhen","Gallinula chloropus"
"Red-knobbed Coot","Fulica cristata","Red-knobbed Coot","Fulica cristata"
"Common Coot","Fulica atra","Eurasian Coot","Fulica atra"
"American Coot","Fulica americana","American Coot","Fulica americana"
"Sandhill Crane","Grus canadensis","Sandhill Crane","Grus canadensis"
"Common Crane","Grus grus","Common Crane","Grus grus"
"Small Buttonquail","Turnix sylvaticus","Small Buttonquail","Turnix sylvaticus"
"Eurasian Thick-knee","Burhinus oedicnemus","Stone-curlew","Burhinus oedicnemus"
"Eurasian Oystercatcher","Haematopus ostralegus","Eurasian Oystercatcher","Haematopus ostralegus"
"African Oystercatcher","Haematopus moquini","African Oystercatcher","Haematopus moquini"
"Black-winged Stilt","Himantopus himantopus","Black-winged Stilt","Himantopus himantopus"
"Pied Avocet","Recurvirostra avosetta","Pied Avocet","Recurvirostra avosetta"
"Northern Lapwing","Vanellus vanellus","Northern Lapwing","Vanellus vanellus"
"Sociable Lapwing","Vanellus gregarius","Sociable Lapwing","Vanellus gregarius"
"Eurasian Golden-plover","Pluvialis apricaria","European Golden-Plover","Pluvialis apricaria"
"Pacific Golden-plover","Pluvialis fulva","Pacific Golden-Plover","Pluvialis fulva"
"American Golden-plover","Pluvialis dominica","American Golden-Plover","Pluvialis dominica"
"Grey Plover","Pluvialis squatarola","Black-bellied Plover","Pluvialis squatarola"
"Common Ringed Plover","Charadrius hiaticula","Common Ringed Plover","Charadrius hiaticula"
"Semipalmated Plover","Charadrius semipalmatus","Semipalmated Plover","Charadrius semipalmatus"
"Little Ringed Plover","Charadrius dubius","Little Ringed Plover","Charadrius dubius"
"Killdeer","Charadrius vociferus","Killdeer","Charadrius vociferus"
"Kentish Plover","Charadrius alexandrinus","Kentish Plover","Charadrius alexandrinus"
"Mongolian Plover","Charadrius mongolus","Lesser Sand-Plover","Charadrius mongolus"
"Eurasian Dotterel","Charadrius morinellus","Eurasian Dotterel","Charadrius morinellus"
"Calidris sp.","Calidris sp","small plover sp.","Calidris sp"
"Eurasian Woodcock","Scolopax rusticola","Eurasian Woodcock","Scolopax rusticola"
"Jack Snipe","Lymnocryptes minimus","Jack Snipe","Lymnocryptes minimus"
"Great Snipe","Gallinago media","Great Snipe","Gallinago media"
"Common Snipe","Gallinago gallinago","Common Snipe","Gallinago gallinago"
"Wilson's Snipe","Gallinago delicata","Wilson's Snipe","Gallinago delicata"
"Short-billed Dowitcher","Limnodromus griseus","Short-billed Dowitcher","Limnodromus griseus"
"Long-billed Dowitcher","Limnodromus scolopaceus","Long-billed Dowitcher","Limnodromus scolopaceus"
"Black-tailed Godwit","Limosa limosa","Black-tailed Godwit","Limosa limosa"
"Hudsonian Godwit","Limosa haemastica","Hudsonian Godwit","Limosa haemastica"
"Bar-tailed Godwit","Limosa lapponica","Bar-tailed Godwit","Limosa lapponica"
"Whimbrel","Numenius phaeopus","Whimbrel","Numenius phaeopus"
"Hudsonian Whimbrel","Numenius phaeopus hudsonicus","Whimbrel (American)","Numenius phaeopus hudsonicus"
"Slender-billed Curlew","Numenius tenuirostris","Slender-billed Curlew","Numenius tenuirostris"
"Eurasian Curlew","Numenius arquata","Eurasian Curlew","Numenius arquata"
"Upland Sandpiper","Bartramia longicauda","Upland Sandpiper","Bartramia longicauda"
"Spotted Redshank","Tringa erythropus","Spotted Redshank","Tringa erythropus"
"Common Redshank","Tringa totanus","Common Redshank","Tringa totanus"
"Marsh Sandpiper","Tringa stagnatilis","Marsh Sandpiper","Tringa stagnatilis"
"Common Greenshank","Tringa nebularia","Common Greenshank","Tringa nebularia"
"Greater Yellowlegs","Tringa melanoleuca","Greater Yellowlegs","Tringa melanoleuca"
"Lesser Yellowlegs","Tringa flavipes","Lesser Yellowlegs","Tringa flavipes"
"Solitary Sandpiper","Tringa solitaria","Solitary Sandpiper","Tringa solitaria"
"Green Sandpiper","Tringa ochropus","Green Sandpiper","Tringa ochropus"
"Wood Sandpiper","Tringa glareola","Wood Sandpiper","Tringa glareola"
"Terek Sandpiper","Xenus cinereus","Terek Sandpiper","Xenus cinereus"
"Common Sandpiper","Actitis hypoleucos","Common Sandpiper","Actitis hypoleucos"
"Spotted Sandpiper","Actitis macularius","Spotted Sandpiper","Actitis macularius"
"Willet","Catoptrophorus semipalmatus","Willet","Tringa semipalmata"
"Ruddy Turnstone","Arenaria interpres","Ruddy Turnstone","Arenaria interpres"
"Red Knot","Calidris canutus","Red Knot","Calidris canutus"
"Sanderling","Calidris alba","Sanderling","Calidris alba"
"Semipalmated Sandpiper","Calidris pusilla","Semipalmated Sandpiper","Calidris pusilla"
"Western Sandpiper","Calidris mauri","Western Sandpiper","Calidris mauri"
"Little Stint","Calidris minuta","Little Stint","Calidris minuta"
"Temminck's Stint","Calidris temminckii","Temminck's Stint","Calidris temminckii"
"Least Sandpiper","Calidris minutilla","White-rumped Sandpiper","Calidris fuscicollis"
"White-rumped Sandpiper","Calidris fuscicollis","White-rumped Sandpiper","Calidris fuscicollis"
"Baird's Sandpiper","Calidris bairdii","Baird's Sandpiper","Calidris bairdii"
"Pectoral Sandpiper","Calidris melanotos","Pectoral Sandpiper","Calidris melanotos"
"Sharp-tailed Sandpiper","Calidris acuminata","Sharp-tailed Sandpiper","Calidris acuminata"
"Purple Sandpiper","Calidris maritima","Purple Sandpiper","Calidris maritima"
"Dunlin","Calidris alpina","Dunlin","Calidris alpina"
"Curlew Sandpiper","Calidris ferruginea","Curlew Sandpiper","Calidris ferruginea"
"Stilt Sandpiper","Calidris himantopus","Stilt Sandpiper","Calidris himantopus"
"Broad-billed Sandpiper","Limicola falcinellus","Broad-billed Sandpiper","Limicola falcinellus"
"Buff-breasted Sandpiper","Tryngites subruficollis","Buff-breasted Sandpiper","Tryngites subruficollis"
"Ruff","Philomachus pugnax","Ruff","Philomachus pugnax"
"Wilson's Phalarope","Phalaropus tricolor","Wilson's Phalarope","Phalaropus tricolor"
"Red-necked Phalarope","Phalaropus lobatus","Red-necked Phalarope","Phalaropus lobatus"
"Grey Phalarope","Phalaropus fulicarius","Grey Phalarope","Phalaropus fulicarius"
"Cream-coloured Courser","Cursorius cursor","Cream-colored Courser","Cursorius cursor"
"Collared Pratincole","Glareola pratincola","Collared Pratincole","Glareola pratincola"
"Mew Gull","Larus canus","Mew Gull","Larus canus"
"Mew Gull (L. c. brachyrhynchus)","Larus canus brachyrhynchus","Mew Gull (American)","Larus canus brachyrhynchus"
"Audouin's Gull","Larus audouinii","Audouin's Gull","Ichthyaetus audouinii"
"Ring-billed Gull","Larus delawarensis","Ring-billed Gull","Larus delawarensis"
"Great Black-backed Gull","Larus marinus","Great Black-backed Gull","Larus marinus"
"Glaucous Gull","Larus hyperboreus","Glaucous Gull","Larus hyperboreus"
"Iceland Gull","Larus glaucoides","Iceland Gull","Larus glaucoides"
"Herring Gull","Larus argentatus","Herring Gull","Larus argentatus"
"Yellow-legged Gull (L. cachinnans)","Larus cachinnans","Caspian Gull","Larus cachinnans"
"Lesser Black-backed Gull","Larus fuscus","Lesser Black-backed Gull","Larus fuscus"
"Pallas's Gull/Great Black-headed Gull","Larus ichthyaetus","Pallas's Gull","Ichthyaetus ichthyaetus"
"Common Black-headed Gull","Larus ridibundus","Black-headed Gull","Chroicocephalus ridibundus"
"Slender-billed Gull","Larus genei","Slender-billed Gull","Chroicocephalus genei"
"Bonaparte's Gull","Larus philadelphia","Bonaparte's Gull","Chroicocephalus philadelphia"
"Mediterranean Gull","Larus melanocephalus","Mediterranean Gull","Ichthyaetus melanocephalus"
"Laughing Gull","Larus atricilla","Laughing Gull","Leucophaeus atricilla"
"Franklin's Gull","Larus pipixcan","Franklin's Gull","Leucophaeus pipixcan"
"Little Gull","Larus minutus","Little Gull","Hydrocoloeus minutus"
"Yellow-legged Gull (L. michahellis)","Larus michahellis","Yellow-legged Gull","Larus michahellis"
"Larus sp.","Larus sp.","Larus sp.","Larus sp."
"Sabine's Gull","Larus sabini","Sabine's Gull","Xema sabini"
"Black-legged Kittiwake","Rissa tridactyla","Black-legged Kittiwake","Rissa tridactyla"
"Gull-billed Tern","Sterna nilotica","Gull-billed Tern","Gelochelidon nilotica"
"Caspian Tern","Sterna caspia","Caspian Tern","Hydroprogne caspia"
"Royal Tern","Sterna maxima","Royal Tern","Thalasseus maximus"
"Lesser Crested-tern","Sterna bengalensis","Lesser Crested Tern","Thalasseus bengalensis"
"Sandwich Tern","Sterna sandvicensis","Sandwich Tern","Thalasseus sandvicensis"
"Roseate Tern","Sterna dougallii","Roseate Tern","Sterna dougallii"
"Common Tern","Sterna hirundo","Common Tern","Sterna hirundo"
"Common /  Arctic Tern (unidentified)","Sterna hirundo / paradisaea","Sterna sp.","Sterna sp."
"Arctic Tern","Sterna paradisaea","Arctic Tern","Sterna paradisaea"
"Forster's Tern","Sterna forsteri","Forster's Tern","Sterna forsteri"
"Little Tern","Sterna albifrons","Little Tern","Sternula albifrons"
"Bridled Tern","Sterna anaethetus","Bridled Tern","Onychoprion anaethetus"
"Sooty Tern","Sterna fuscata","Sooty Tern","Onychoprion fuscatus"
"Whiskered Tern","Chlidonias hybrida","Whiskered Tern","Chlidonias hybrida"
"White-winged Tern","Chlidonias leucopterus","White-winged Tern","Chlidonias leucopterus"
"Black Tern","Chlidonias niger","Black Tern","Chlidonias niger"
"Tern (unidentified)","Sterna sp","tern sp.","Sterninae sp."
"American Herring Gull","Larus smithsonianus","Herring Gull (American)","Larus argentatus smithsonianus"
"Great Skua","Stercorarius skua","Great Skua","Stercorarius skua"
"South Polar Skua","Catharacta maccormicki","South Polar Skua","Stercorarius maccormicki"
"Pomarine Jaeger","Stercorarius pomarinus","Pomarine Jaeger","Stercorarius pomarinus"
"Parasitic Jaeger","Stercorarius parasiticus","Parasitic Jaeger","Stercorarius parasiticus"
"Long-tailed Jaeger","Stercorarius longicaudus","Long-tailed Skua","Stercorarius longicaudus"
"Skua / Jaeger (unidentified)","Stercorarius sp.","jaeger/skua sp.","Stercorarius sp."
"Dovekie","Alle alle","Dovekie","Alle alle"
"Common Murre / Guillemot","Uria aalge","Common Guillemot","Uria aalge"
"Thick-billed Guillemot/Brünnich's Murre","Uria lomvia","Brünnich's Guillemot","Uria lomvia"
"Razorbill","Alca torda","Razorbill","Alca torda"
"Guillemot / Razorbill (unidentified)","Uria aalge / Alca torda","alcid sp.","Alcidae sp."
"Atlantic Puffin","Fratercula arctica","Atlantic Puffin","Fratercula arctica"
"Pin-tailed Sandgrouse","Pterocles alchata","Pin-tailed Sandgrouse","Pterocles alchata"
"Black-bellied Sandgrouse","Pterocles orientalis","Black-bellied Sandgrouse","Pterocles orientalis"
"Rock Pigeon","Columba livia","Rock Pigeon","Columba livia"
"Stock Pigeon","Columba oenas","Stock Dove","Columba oenas"
"Common Wood-pigeon (C. p. azoricus)","Columba palumbus azoricus","Common Wood-Pigeon","Columba palumbus"
"Common Wood-pigeon","Columba palumbus","Common Wood-Pigeon","Columba palumbus"
"Madeira Laurel Pigeon","Columba trocaz","Trocaz Pigeon","Columba trocaz"
"European Turtle-dove","Streptopelia turtur","European Turtle-Dove","Streptopelia turtur"
"Eurasian Collared-dove","Streptopelia decaocto","Eurasian Collared-Dove","Streptopelia decaocto"
"African Collared-dove","Streptopelia roseogrisea var. domestica","African Collared-dove","Streptopelia roseogrisea"
"Laughing Dove","Streptopelia (Stigmatopelia) senegalensis","Laughing Dove","Streptopelia senegalensis"
"Namaqua Dove","Oena capensis","Namaqua Dove","Oena capensis"
"American Mourning Dove","Zenaida macroura","Mourning Dove","Zenaida macroura"
"Common Ground-dove","Columbina passerina","Common Ground-Dove","Columbina passerina"
"Tanimbar (Goffin) Cockatoo","Cacatua goffini/ goffiniana","Tanimbar Corella","Cacatua goffini"
"Cockatiel","Nymphicus hollandicus","Cockatiel","Nymphicus hollandicus"
"Red Lory","Eos bornea","Red Lory","Eos bornea"
"Budgerigar","Melopsittacus undulatus","Budgerigar","Melopsittacus undulatus"
"Monk Parakeet","Myiopsitta monachus","Monk Parakeet","Myiopsitta monachus"
"Rose-ringed Parakeet","Psittacula krameri","Rose-ringed Parakeet","Psittacula krameri"
"Senegal Parrot","Poicephalus senegalus","Senegal Parrot","Poicephalus senegalus"
"Grey Parrot","Psittacus erithacus","Grey Parrot","Psittacus erithacus"
"Blue-crowned Parakee","Aratinga acuticaudata","Blue-crowned Parakeet","Aratinga acuticaudata"
"Nanday Parakeet","Nandayus nenday","Nanday Parakeet","Nandayus nenday"
"Burrowing Parakeet","Cyanoliseus patagonus","Burrowing Parakeet","Cyanoliseus patagonus"
"Great Spotted Cuckoo","Clamator glandarius","Great Spotted Cuckoo","Clamator glandarius"
"Common Cuckoo","Cuculus canorus","Common Cuckoo","Cuculus canorus"
"Yellow-billed Cuckoo","Coccyzus americanus","Yellow-billed Cuckoo","Coccyzus americanus"
"Black-billed Cuckoo","Coccyzus erythropthalmus","Black-billed Cuckoo","Coccyzus erythropthalmus"
"Barn Owl","Tyto alba","Barn Owl","Tyto alba"
"Common Scops-owl","Otus scops","European Scops-Owl","Otus scops"
"Snowy Owl","Bubo scandiaca","Snowy Owl","Bubo scandiacus"
"Eurasian Eagle-owl","Bubo bubo","Eurasian Eagle-Owl","Bubo bubo"
"Tawny Owl","Strix aluco","Tawny Owl","Strix aluco"
"Little Owl","Athene noctua","Little Owl","Athene noctua"
"Long-eared Owl","Asio otus","Long-eared Owl","Asio otus"
"Short-eared Owl","Asio flammeus","Short-eared Owl","Asio flammeus"
"Marsh Owl","Asio capensis","Marsh Owl","Asio capensis"
"Caprimulgus sp.","Caprimulgus sp.","Caprimulgus sp.","Caprimulgus sp."
"Common Nighthawk","Chordeiles minor","Common Nighthawk","Chordeiles minor"
"Red-necked Nightjar","Caprimulgus ruficollis","Red-necked Nightjar","Caprimulgus ruficollis"
"Eurasian Nightjar","Caprimulgus europaeus","Eurasian Nightjar","Caprimulgus europaeus"
"Chimney Swift","Chaetura pelagica","Chimney Swift","Chaetura pelagica"
"Alpine Swift","Apus melba","Alpine Swift","Apus melba"
"Common Swift","Apus apus","Common Swift","Apus apus"
"Plain Swift","Apus unicolor","Plain Swift","Apus unicolor"
"Pallid Swift","Apus pallidus","Pallid Swift","Apus pallidus"
"Little Swift","Apus affinis","Little Swift","Apus affinis"
"White-rumped Swift","Apus caffer","White-rumped Swift","Apus caffer"
"Unidentified swift","Apus sp","Apus sp.","Apus sp."
"European Roller","Coracias garrulus","European Roller","Coracias garrulus"
"Common Kingfisher","Alcedo atthis","Common Kingfisher","Alcedo atthis"
"Belted Kingfisher","Megaceryle alcyon","Belted Kingfisher","Megaceryle alcyon"
"European Bee-eater","Merops apiaster","European Bee-eater","Merops apiaster"
"Eurasian Hoopoe","Upupa epops","Eurasian Hoopoe","Upupa epops"
"Eurasian Wryneck","Jynx torquilla","Eurasian Wryneck","Jynx torquilla"
"Lesser Spotted Woodpecker","Dendrocopos minor","Lesser Spotted Woodpecker","Dendrocopos minor"
"Great Spotted Woodpecker","Dendrocopos major","Great Spotted Woodpecker","Dendrocopos major"
"Eurasian Green Woodpecker","Picus viridis","Green Woodpecker","Picus viridis"
"Red-backed Shrike","Lanius collurio","Red-backed Shrike","Lanius collurio"
"Southern Grey Shrike","Lanius meridionalis","Southern Gray Shrike","Lanius meridionalis"
"Woodchat Shrike","Lanius senator","Woodchat Shrike","Lanius senator"
"White-eyed Vireo","Vireo griseus","White-eyed Vireo","Vireo griseus"
"Philadelphia Vireo","Vireo philadelphicus","Philadelphia Vireo","Vireo philadelphicus"
"Red-eyed Vireo","Vireo olivaceus","Red-eyed Vireo","Vireo olivaceus"
"Eurasian Golden-oriole","Oriolus oriolus","Eurasian Golden Oriole","Oriolus oriolus"
"Blue Jay","Cyanocitta cristata","Blue Jay","Cyanocitta cristata"
"Eurasian Jay","Garrulus glandarius","Eurasian Jay","Garrulus glandarius"
"Azure-winged Magpie","Cyanopica cyanus","Azure-winged Magpie","Cyanopica cyanus"
"Black-billed Magpie","Pica pica","Eurasian Magpie","Pica pica"
"Red-billed Chough","Pyrrhocorax pyrrhocorax","Red-billed Chough","Pyrrhocorax pyrrhocorax"
"Eurasian Jackdaw","Corvus monedula","Eurasian Jackdaw","Corvus monedula"
"Rook","Corvus frugilegus","Rook","Corvus frugilegus"
"Carrion Crow","Corvus corone","Carrion Crow","Corvus corone"
"Common Raven","Corvus corax","Common Raven","Corvus corax"
"Coal Tit","Parus ater","Coal Tit","Periparus ater"
"Crested Tit","Parus cristatus","Crested Tit","Lophophanes cristatus"
"Great Tit","Parus major","Great Tit","Parus major"
"Blue Tit","Parus caeruleus","Eurasian Blue Tit","Cyanistes caeruleus"
"Eurasian Penduline-tit","Remiz pendulinus","Eurasian Penduline-Tit","Remiz pendulinus"
"Sand Martin","Riparia riparia","Bank Swallow","Riparia riparia"
"Tree Swallow","Tachycineta bicolor","Tree Swallow","Tachycineta bicolor"
"Purple Martin","Progne subis","Purple Martin","Progne subis"
"Eurasian Crag-martin","Ptyonoprogne rupestris","Eurasian Crag-Martin","Ptyonoprogne rupestris"
"Barn Swallow","Hirundo rustica","Barn Swallow","Hirundo rustica"
"American Barn Swallow (H. r. erythrogaster)","Hirundo rustica erythrogaster","Barn Swallow (American)","Hirundo rustica erythrogaster"
"Red-rumped Swallow","Hirundo daurica","Red-rumped Swallow","Cecropis daurica"
"Northern House-martin","Delichon urbicum","Common House-Martin","Delichon urbicum"
"American Cliff Swallow","Petrochelidon pyrrhonota","Cliff Swallow","Petrochelidon pyrrhonota"
"Long-tailed Tit","Aegithalos caudatus","Long-tailed Tit","Aegithalos caudatus"
"Calandra Lark","Melanocorypha calandra","Calandra Lark","Melanocorypha calandra"
"Greater Short-toed Lark","Calandrella brachydactyla","Greater Short-toed Lark","Calandrella brachydactyla"
"Lesser Short-toed Lark","Calandrella rufescens","Lesser Short-toed Lark","Calandrella rufescens"
"Dupont's Lark","Chersophilus duponti","Dupont's Lark","Chersophilus duponti"
"Unidentified Lark","Galerida sp.","lark sp.","Alaudidae sp."
"Crested Lark","Galerida cristata","Crested Lark","Galerida cristata"
"Thekla Lark","Galerida theklae","Thekla Lark","Galerida theklae"
"Wood Lark","Lullula arborea","Wood Lark","Lullula arborea"
"Eurasian Skylark","Alauda arvensis","Sky Lark","Alauda arvensis"
"Zitting Cisticola","Cisticola juncidis","Zitting Cisticola","Cisticola juncidis"
"Cetti's Warbler","Cettia cetti","Cetti's Warbler","Cettia cetti"
"Common Grasshopper-warbler","Locustella naevia","Grasshopper Warbler","Locustella naevia"
"Eurasian River Warbler","Locustella fluviatilis","Eurasian River Warbler","Locustella fluviatilis"
"Savi's Warbler","Locustella luscinioides","Savi's Warbler","Locustella luscinioides"
"Moustached Warbler","Acrocephalus melanopogon","Moustached Warbler","Acrocephalus melanopogon"
"Aquatic Warbler","Acrocephalus paludicola","Aquatic Warbler","Acrocephalus paludicola"
"Sedge Warbler","Acrocephalus schoenobaenus","Sedge Warbler","Acrocephalus schoenobaenus"
"Paddyfield Warbler","Acrocephalus agricola","Paddyfield Warbler","Acrocephalus agricola"
"Reed Warbler","Acrocephalus scirpaceus","Eurasian Reed-Warbler","Acrocephalus scirpaceus"
"Marsh Warbler","Acrocephalus palustris","Marsh Warbler","Acrocephalus palustris"
"Great Reed-warbler","Acrocephalus arundinaceus","Great Reed-Warbler","Acrocephalus arundinaceus"
"Eastern Olivaceous Warbler","Hippolais pallida","Eastern Olivaceous Warbler","Iduna pallida"
"Melodious Warbler","Hippolais polyglotta","Melodious Warbler","Hippolais polyglotta"
"Icterine Warbler","Hippolais icterina","Icterine Warbler","Hippolais icterina"
"Western Olivaceous Warbler","Hippolais opaca","Western Olivaceous Warbler","Iduna opaca"
"Willow Warbler","Phylloscopus trochilus","Willow Warbler","Phylloscopus trochilus"
"Common Chiffchaff (P. c. tristis)","Phylloscopus collybita tristis","Common Chiffchaff (Siberian)","Phylloscopus collybita tristis"
"Common Chiffchaff","Phylloscopus collybita","Common Chiffchaff","Phylloscopus collybita"
"Iberian Chiffchaff","Phylloscopus ibericus","Iberian Chiffchaff","Phylloscopus ibericus"
"Common / Iberian Chiffchaff (unidentified)","Phylloscopus ibericus / collybita","Phylloscopus sp.","Phylloscopus sp."
"Bonelli's Warbler","Phylloscopus bonelli","Western Bonelli's Warbler","Phylloscopus bonelli"
"Wood Warbler","Phylloscopus sibilatrix","Wood Warbler","Phylloscopus sibilatrix"
"Dusky Warbler","Phylloscopus fuscatus","Dusky Warbler","Phylloscopus fuscatus"
"Lemon-rumped Warbler","Phylloscopus proregulus","Pallas's Leaf-Warbler","Phylloscopus proregulus"
"Inornate/Yellow-browed Warbler","Phylloscopus inornatus","Yellow-browed Warbler","Phylloscopus inornatus"
"Inornate Warbler","Phylloscopus inornatus","Yellow-browed Warbler","Phylloscopus inornatus"
"Unidentified Phylloscopus","Phylloscopus sp","Phylloscopus sp.","Phylloscopus sp."
"Blackcap","Sylvia atricapilla","Blackcap","Sylvia atricapilla"
"Blackcap (S. a. gularis)","Sylvia atricapilla gularis","Blackcap","Sylvia atricapilla"
"Madeira Blackcap (S. a. heineken)","Sylvia atricapilla heineken","Blackcap","Sylvia atricapilla"
"Garden Warbler","Sylvia borin","Garden Warbler","Sylvia borin"
"Common Whitethroat","Sylvia communis","Greater Whitethroat","Sylvia communis"
"Lesser Whitethroat","Sylvia curruca","Lesser Whitethroat","Sylvia curruca"
"Orphean Warbler","Sylvia hortensis","Western Orphean Warbler","Sylvia hortensis"
"Sardinian Warbler","Sylvia melanocephala","Sardinian Warbler","Sylvia melanocephala"
"Subalpine Warbler","Sylvia cantillans","Subalpine Warbler","Sylvia cantillans"
"Spectacled Warbler","Sylvia conspicillata","Spectacled Warbler","Sylvia conspicillata"
"Dartford Warbler","Sylvia undata","Dartford Warbler","Sylvia undata"
"White-crested Laughingthrush","Garrulax leucolophus","White-crested Laughingthrush","Garrulax leucolophus"
"Red-billed Leiothrix","Leiothrix lutea","Red-billed Leiothrix","Leiothrix lutea"
"Goldcrest","Regulus regulus","Goldcrest","Regulus regulus"
"Goldcrest (R. r. sanctae-mariae)","Regulus regulus sanctae-mariae","Goldcrest (Santa Maria)","Regulus regulus sanctaemariae"
"Goldcrest (R. r. inermis)","Regulus regulus inermis","Goldcrest (Western Azores)","Regulus regulus inermis"
"Goldcrest (R. r. azoricus)","Regulus regulus azoricus","Goldcrest (Sao Miguel)","Regulus regulus azoricus"
"Firecrest","Regulus ignicapilla","Firecrest","Regulus ignicapilla"
"Madeira Kinglet/Madeira Firecrest","Regulus madeirensis","Firecrest (Madeira)","Regulus ignicapilla madeirensis"
"Winter Wren","Troglodytes troglodytes","Eurasian Wren","Troglodytes troglodytes"
"Wood Nuthatch","Sitta europaea","Eurasian Nuthatch","Sitta europaea"
"Wallcreeper","Tichodroma muraria","Wallcreeper","Tichodroma muraria"
"Short-toed Treecreeper","Certhia brachydactyla","Short-toed Treecreeper","Certhia brachydactyla"
"Common Myna","Acridotheres tristis","Common Myna","Acridotheres tristis"
"Crested Myna","Acridotheres cristatellus","Crested Myna","Acridotheres cristatellus"
"Unidentified Starling","Sturnus sp.","European/Spotless Starling","Sturnus vulgaris/unicolor"
"Rosy Starling","Sturnus roseus","Rosy Starling","Pastor roseus"
"Common Starling (S. v. granti)","Sturnus vulgaris granti","European Starling","Sturnus vulgaris"
"Common Starling","Sturnus vulgaris","European Starling","Sturnus vulgaris"
"Spotless Starling","Sturnus unicolor","Spotless Starling","Sturnus unicolor"
"Grey-cheeked Thrush","Catharus minimus","Grey-cheeked Thrush","Catharus minimus"
"Wood Thrush","Hylocichla mustelina","Wood Thrush","Hylocichla mustelina"
"Ring Ouzel","Turdus torquatus","Ring Ouzel","Turdus torquatus"
"Eurasian Blackbird (T. m. azorensis)","Turdus merula azorensis","Eurasian Blackbird","Turdus merula"
"Eurasian Blackbird","Turdus merula","Eurasian Blackbird","Turdus merula"
"Eyebrowed Thrush","Turdus obscurus","Eyebrowed Thrush","Turdus obscurus"
"Dark-throated Thrush","Turdus ruficollis","Red-throated Thrush","Turdus ruficollis"
"Fieldfare","Turdus pilaris","Fieldfare","Turdus pilaris"
"Redwing","Turdus iliacus","Redwing","Turdus iliacus"
"Song Thrush","Turdus philomelos","Song Thrush","Turdus philomelos"
"Mistle Thrush","Turdus viscivorus","Mistle Thrush","Turdus viscivorus"
"European Robin","Erithacus rubecula","European Robin","Erithacus rubecula"
"Common Nightingale","Luscinia megarhynchos","Common Nightingale","Luscinia megarhynchos"
"Bluethroat","Luscinia svecica","Bluethroat","Luscinia svecica"
"Rufous-tailed Scrub-robin","Cercotrichas galactotes","Rufous-tailed Scrub-Robin","Cercotrichas galactotes"
"Black Redstart","Phoenicurus ochruros","Black Redstart","Phoenicurus ochruros"
"Common Redstart","Phoenicurus phoenicurus","Common Redstart","Phoenicurus phoenicurus"
"Whinchat","Saxicola rubetra","Whinchat","Saxicola rubetra"
"Common Stonechat","Saxicola torquatus","European Stonechat","Saxicola rubicola"
"Common Stonechat (S. t. maurus)","Saxicola torquatus maurus","European Stonechat","Saxicola rubicola"
"White-tailed Wheatear","Oenanthe leucopyga","White-tailed Wheatear","Oenanthe leucopyga"
"Black Wheatear","Oenanthe leucura","Black Wheatear","Oenanthe leucura"
"Northern Wheatear","Oenanthe oenanthe","Northern Wheatear","Oenanthe oenanthe"
"Black-eared Wheatear","Oenanthe hispanica","Black-eared Wheatear","Oenanthe hispanica"
"Desert Wheatear","Oenanthe deserti","Desert Wheatear","Oenanthe deserti"
"Isabelline Wheatear","Oenanthe isabellina","Isabelline Wheatear","Oenanthe isabellina"
"Rufous-tailed Rock-thrush","Monticola saxatilis","Rufous-tailed Rock-Thrush","Monticola saxatilis"
"Blue Rock-thrush","Monticola solitarius","Blue Rock-Thrush","Monticola solitarius"
"Spotted Flycatcher","Muscicapa striata","Spotted Flycatcher","Muscicapa striata"
"European Pied Flycatcher","Ficedula hypoleuca","European Pied Flycatcher","Ficedula hypoleuca"
"Red-breasted Flycatcher","Ficedula parva","Red-breasted Flycatcher","Ficedula parva"
"White-throated Dipper","Cinclus cinclus","White-fronted Dipper","Cinclus cinclus"
"Passer sp.","Passer sp.","Passer sp.","Passer sp."
"House Sparrow","Passer domesticus","House Sparrow","Passer domesticus"
"Spanish Sparrow","Passer hispaniolensis","Spanish Sparrow","Passer hispaniolensis"
"Eurasian Tree Sparrow","Passer montanus","Eurasian Tree Sparrow","Passer montanus"
"Rock Sparrow","Petronia petronia","Rock Petronia","Petronia petronia"
"White-winged Snowfinch","Montifringilla nivalis","White-winged Snowfinch","Montifringilla nivalis"
"Southern Masked-weaver","Ploceus velatus","Southern Masked-Weaver","Ploceus velatus"
"Village Weaver","Ploceus cucullatus","Village Weaver","Ploceus cucullatus"
"Black-headed Weaver","Ploceus melanocephalus","Black-headed Weaver","Ploceus melanocephalus"
"Red-billed Quelea","Quelea quelea","Red-billed Quelea","Quelea quelea"
"Yellow-crowned Bishop","Euplectes afer","Yellow-crowned Bishop","Euplectes afer"
"Black-winged Bishop","Euplectes hordeaceus","Black-winged Bishop","Euplectes hordeaceus"
"Orange Bishop","Euplectes franciscanus","Orange Bishop","Euplectes franciscanus"
"Red Bishop","Euplectes orix","Red Bishop","Euplectes orix"
"Yellow-shouldered Widowbird","Euplectes macroura","Yellow-shouldered Widowbird","Euplectes macroura"
"Red-collared Widowbird","Euplectes ardens","Red-collared Widowbird","Euplectes ardens"
"Long-tailed Widowbird","Euplectes progne","Long-tailed Widowbird","Euplectes progne"
"Cut-throat","Amadina fasciata","Cut-throat","Amadina fasciata"
"Red-cheeked Cordonbleu","Uraeginthus bengalus","Red-cheeked Cordonbleu","Uraeginthus bengalus"
"Lavender Waxbill","Estrilda caerulescens","Lavender Waxbill","Estrilda caerulescens"
"Swee Waxbill","Estrilda melanotis","Swee Waxbill","Coccopygia melanotis"
"Orange-cheeked Waxbill","Estrilda melpoda","Orange-cheeked Waxbill","Estrilda melpoda"
"Crimson-rumped Waxbill","Estrilda rhodopyga","Crimson-rumped Waxbill","Estrilda rhodopyga"
"Black-rumped Waxbill","Estrilda troglodytes","Black-rumped Waxbill","Estrilda troglodytes"
"Common Waxbill","Estrilda astrild","Common Waxbill","Estrilda astrild"
"Red Avadavat","Amandava amandava","Red Avadavat","Amandava amandava"
"Scaly-breasted munia","Lonchura punctulata","Nutmeg Mannikin","Lonchura punctulata"
"Zebra Waxbill","Amandava subflava","Zebra Waxbill","Sporaeginthus subflavus"
"Zebra Finch","Taeniopygia guttata","Zebra Finch","Taeniopygia guttata"
"African Silverbill","Lonchura cantans","African Silverbill","Euodice cantans"
"Tricoloured Munia","Lonchura malacca","Black-faced Munia","Lonchura molucca"
"White-headed Munia","Lonchura maja","White-headed Munia","Lonchura maja"
"Java Sparrow","Padda oryzivora","Java Sparrow","Lonchura oryzivora"
"Pin-tailed Whydah","Vidua macroura","Pin-tailed Whydah","Vidua macroura"
"Straw-tailed Whydah","Vidua fischeri","Straw-tailed Whydah","Vidua fischeri"
"Alpine Accentor","Prunella collaris","Alpine Accentor","Prunella collaris"
"Hedge Accentor","Prunella modularis","Dunnock","Prunella modularis"
"White Wagtail (M. a. yarrellii)","Motacilla alba yarrellii","White Wagtail (British)","Motacilla alba yarrellii"
"White Wagtail (M. a. subpersonata)","Motacilla alba subpersonata","White Wagtail (Moroccan)","Motacilla alba subpersonata"
"White Wagtail","Motacilla alba","White Wagtail","Motacilla alba"
"White Wagtail (M. a. alba)","Motacilla alba alba","White Wagtail (White-faced)","Motacilla alba alba"
"Citrine Wagtail","Motacilla citreola","Citrine Wagtail","Motacilla citreola"
"Yellow Wagtail (M. flava flavissima)","Motacilla flava flavissima","Western Yellow Wagtail (Yellow)","Motacilla flava flavissima"
"Yellow Wagtail (M. flava feldegg)","Motacilla flava feldegg","Western Yellow Wagtail (Black-headed)","Motacilla flava feldegg"
"Yellow Wagtail (M. flava thunbergi)","Motacilla flava thunbergi","Western Yellow Wagtail (Gray-headed)","Motacilla flava thunbergi"
"Yellow Wagtail (M. flava flava)","Motacilla flava flava","Western Yellow Wagtail (Blue-headed)","Motacilla flava flava/beema"
"Yellow Wagtail (M. flava iberiae)","Motacilla flava iberiae","Western Yellow Wagtail (Ashy-headed)","Motacilla flava [cinereocapilla Group]"
"Yellow Wagtail (M. flava cinereocapilla)","Motacilla flava cinereocapilla","Western Yellow Wagtail (Ashy-headed)","Motacilla flava [cinereocapilla Group]"
"Yellow Wagtail","Motacilla flava","Western Yellow Wagtail","Motacilla flava"
"Grey Wagtail (M. c. patriciae)","Motacilla cinerea patriciae","Grey Wagtail","Motacilla cinerea"
"Grey Wagtail","Motacilla cinerea","Gray Wagtail","Motacilla cinerea"
"Pipit","Anthus sp.","pipit sp.","Anthus sp."
"Richard's Pipit","Anthus richardi","Richard's Pipit","Anthus richardi"
"Tawny Pipit","Anthus campestris","Tawny Pipit","Anthus campestris"
"Blyth's Pipit","Anthus godlewskii","Blyth's Pipit","Anthus godlewskii"
"Berthelot's Pipit","Anthus berthelotii","Berthelot's Pipit","Anthus berthelotii"
"Tree Pipit","Anthus trivialis","Tree Pipit","Anthus trivialis"
"Olive-backed Pipit","Anthus hodgsoni","Olive-backed Pipit","Anthus hodgsoni"
"Meadow Pipit","Anthus pratensis","Meadow Pipit","Anthus pratensis"
"Red-throated Pipit","Anthus cervinus","Red-throated Pipit","Anthus cervinus"
"Rock Pipit","Anthus petrosus","Rock Pipit","Anthus petrosus"
"Water Pipit","Anthus spinoletta","Water Pipit","Anthus spinoletta"
"American Pipit/Buff-bellied Pipit","Anthus rubescens","American Pipit","Anthus rubescens"
"Chaffinch (F. c. moreletti)","Fringilla coelebs moreletti","Common Chaffinch (Azores/Madeira)","Fringilla coelebs moreletti/maderensis"
"Chaffinch","Fringilla coelebs","Common Chaffinch","Fringilla coelebs"
"Madeira Chaffinch (F. c. madeirensis)","Fringilla coelebs madeirensis","Common Chaffinch (Azores/Madeira)","Common Chaffinch (Azores/Madeira)"
"Brambling","Fringilla montifringilla","Brambling","Fringilla montifringilla"
"European Serin","Serinus serinus","European Serin","Serinus serinus"
"Island Canary","Serinus canaria","Island Canary","Serinus canaria"
"Island Canary (S. c. canaria)","Serinus canaria canaria","Island Canary","Serinus canaria"
"Yellow-fronted Canary","Serinus mozambicus","Yellow-fronted Canary","Serinus mozambicus"
"European Greenfinch","Carduelis chloris","European Greenfinch","Chloris chloris"
"Eurasian Siskin","Carduelis spinus","Eurasian Siskin","Spinus spinus"
"European Goldfinch (C. c. parva)","Carduelis carduelis parva","European Goldfinch","Carduelis carduelis"
"European Goldfinch","Carduelis carduelis","European Goldfinch","Carduelis carduelis"
"Common Redpoll","Carduelis flammea","Common Redpoll","Carduelis flammea"
"Hoary Redpoll/Arctic Redpoll","Carduelis hornemanni","Hoary Redpoll","Carduelis hornemanni"
"Eurasian Linnet","Carduelis cannabina","Eurasian Linnet","Carduelis cannabina"
"Trumpeter Finch","Bucanetes githagineus","Trumpeter Finch","Bucanetes githagineus"
"Common Rosefinch","Carpodacus erythrinus","Common Rosefinch","Carpodacus erythrinus"
"Red Crossbill","Loxia curvirostra","Red Crossbill","Loxia curvirostra"
"Eurasian Bullfinch","Pyrrhula pyrrhula","Eurasian Bullfinch","Pyrrhula pyrrhula"
"Azores Bullfinch","Pyrrhula murina","Azores Bullfinch","Pyrrhula murina"
"Hawfinch","Coccothraustes coccothraustes","Hawfinch","Coccothraustes coccothraustes"
"Tennessee Warbler","Vermivora peregrina","Tennessee Warbler","Oreothlypis peregrina"
"Yellow Warbler","Dendroica petechia","Yellow Warbler","Setophaga petechia"
"Magnolia Warbler","Dendroica magnolia","Magnolia Warbler","Setophaga magnolia"
"Black-throated Blue Warbler","Dendroica caerulescens","Black-throated Blue Warbler","Setophaga caerulescens"
"Yellow-rumped Warbler","Dendroica coronata","Yellow-rumped Warbler","Setophaga coronata coronata"
"Black-throated Green Warbler","Dendroica virens","Black-throated Green Warbler","Setophaga virens"
"Blackpoll Warbler","Dendroica striata","Blackpoll Warbler","Setophaga striata"
"American Redstart","Setophaga ruticilla","American Redstart","Setophaga ruticilla"
"Ovenbird","Seiurus aurocapilla","Ovenbird","Seiurus aurocapilla"
"Northern Waterthrush","Seiurus noveboracensis","Northern Waterthrush","Parkesia noveboracensis"
"Common Yellowthroat","Geothlypis trichas","Common Yellowthroat","Geothlypis trichas"
"Hooded Warbler","Wilsonia citrina","Hooded Warbler","Setophaga citrina"
"Baltimore Oriole","Icterus galbula","Baltimore Oriole","Icterus galbula"
"Bobolink","Dolichonyx oryzivorus","Bobolink","Dolichonyx oryzivorus"
"Corn Bunting","Emberiza calandra","Corn Bunting","Emberiza calandra"
"Yellowhammer","Emberiza citrinella","Yellowhammer","Emberiza citrinella"
"Cirl Bunting","Emberiza cirlus","Cirl Bunting","Emberiza cirlus"
"Rock Bunting","Emberiza cia","Rock Bunting","Emberiza cia"
"Ortolan Bunting","Emberiza hortulana","Ortolan Bunting","Emberiza hortulana"
"Little Bunting","Emberiza pusilla","Little Bunting","Emberiza pusilla"
"Rustic Bunting","Emberiza rustica","Rustic Bunting","Emberiza rustica"
"Yellow-breasted Bunting","Emberiza aureola","Yellow-breasted Bunting","Emberiza aureola"
"Pallas's Bunting","Emberiza pallasi","Pallas's Bunting","Emberiza pallasi"
"Reed Bunting","Emberiza schoeniclus","Reed Bunting","Emberiza schoeniclus"
"Lapland Longspur","Calcarius lapponicus","Lapland Longspur","Calcarius lapponicus"
"Snow Bunting","Plectrophenax nivalis","Snow Bunting","Plectrophenax nivalis"
"White-throated Sparrow","Zonotrichia albicollis","White-throated Sparrow","Zonotrichia albicollis"
"Savannah Sparrow","Passerculus sandwichensis","Savannah Sparrow","Passerculus sandwichensis"
"Indigo Bunting","Passerina cyanea","Indigo Bunting","Passerina cyanea"
"Summer Tanager","Piranga rubra","Summer Tanager","Piranga rubra"
"Scarlet Tanager","Piranga olivacea","Scarlet Tanager","Piranga olivacea"
"Rose-breasted Grosbeak","Pheucticus ludovicianus","Rose-breasted Grosbeak","Pheucticus ludovicianus"
